name,longitude,latitude
Sierra Army Depot,-120.15262000000001,40.266163
"Fort Derussy, Hale Koa Hotel",-157.83504400000004,21.282099
"USCG Air Station Barbers Point (E,H)",-158.069899,21.300353
"USCG Base Support Unit Honolulu (E,F)",-157.874273,21.305771
"Hickam AFB (E,C,F,H)",-157.944116,21.340868000000004
"Bellows AFS (E,F,R)",-157.709977,21.346695000000004
"Naval Station Pearl Harbor (E,C,F,H)",-157.944021,21.348697
"Tripler Army Medical Center (E,H)",-157.89402,21.35596
"Aliamanu Military Reservation (E,F)",-157.912822,21.356019
"Camp Smith MCB (E,H)",-157.906389,21.385875
"MCB Kaneohe Bay (E,C,F,R,H)",-157.756575,21.436175
"Wheeler Army AF (E,C,F,H)",-158.041599,21.482084000000004
"Schofield Barracks/Fort Shafter (E,C,F,H)",-158.04496,21.485129
"NCTAMS Wahiawa (E,F,H)",-158.026906,21.498421
"Naval Station Barking Sands (E,F,R,H)",-159.785,22.022778
"NAS Key West (E,C,F,R,H)",-81.69281,24.584755
Homestead ARB,-80.394656,25.495574000000005
USCG Exchange Richmond Heights,-80.388444,25.628762
USCG Station Miami Beach (E),-80.145091,25.771152
"United States Southern Command (E,H)",-80.344212,25.807034
"USCG Air Station Miami - Opa Locka (E,C,H)",-80.275201,25.907737
USCG Station Fort Myers Beach â‚¬,-81.954009,26.459264
USCG Exchange,-80.077285,26.9572
USCG Station Jupiter Inlet (E),-80.077498,26.957209
USCG Station Cortez (E),-82.686882,27.467117
"NAS Kingsville (E,C,F,R,H)",-97.830339,27.491586
"NAS Corpus Christi (E,C,F,R,H)",-97.274132,27.681649000000004
"USCG Sector St Petersburg (E,H)",-82.630928,27.757892
"Naval Station Ingleside (E,H)",-97.200493,27.83051
"MacDill AFB (E,C,F,R,H)",-82.506216,27.844417
"USCG Air Station Clearwater (E,H)",-82.696602,27.911837
USCG Station Sand Key (E),-82.83355,27.948058
"Patrick AFB (E,C,F,R,H)",-80.606438,28.213431
USCG Station Port Canaveral (E),-80.620997,28.415548
"Orlando Navy Exchange (E,C)",-81.334091,28.439847
Kennedy Space Center,-80.679244,28.525913
USCG Ponce De Leon â‚¬,-80.913888,29.064516
"USCG Station Galveston (E,H)",-94.771349,29.329799
"Brooks City-Base (E,F,R,H)",-98.453161,29.351419
"Laughlin AFB (E,C,F,R,H)",-100.798943,29.366152
"Lackland AFB (E,C,F,R,H)",-98.621966,29.393743999999998
Brooke Army Medical Center,-98.415455,29.460085
"Fort Sam Houston (E,C,F,R,H)",-98.447365,29.462542999999997
"Randolph AFB (E,C,F,H)",-98.287075,29.542587
"USCG Air Station Ellington (E,)",-95.17171,29.61067
USCG Sector Houston(E),-95.257549,29.733013
"NASJRB New Orleans  (E,F,H)",-90.035,29.825278
"Naval Support Agency New Orleans (E,C,F,R,H)",-90.03811,29.950380000000003
"Camp Blanding (E,R)",-81.984267,29.9813
USCG ISC New Orleans â‚¬,-89.916907,30.018940000000004
"Tyndall AFB (E,C,F,R,H)",-85.597322,30.072747000000003
USCG Station Panama City â‚¬,-85.757584,30.168209000000004
"Naval Support Activity (E,R,H)",-85.759839,30.175896999999996
"NAS Jacksonville (E,C,F,R,H)",-81.680555,30.235833
"Camp Mabry (E,)",-97.757604,30.309036000000003
"NAS Pensacola  (E,C,F,R,H)",-87.277581,30.368915000000005
"Naval Construction  Battalion Center Gulfport (E,C,F,R,H)",-89.103094,30.380340999999998
USCG Station Mayport (E),-81.434273,30.387859
"Naval Station Mayport (E,C,F,R,H)",-81.423611,30.391944000000002
"Naval Hospital Pensacola (E,H)",-87.298382,30.398319
"Keesler AFB (E,C,F,H)",-88.91098,30.39916
"NTTC Corry Station (E,C,F,H)",-87.291554,30.405975000000005
"Gulfport/Biloxi ANG (E,F,H)",-89.062078,30.408395999999996
"Hurlburt AFB (E,C,F,R,H)",-86.701026,30.419132
"Saufley Field (E,)",-87.33694100000001,30.46199
"Eglin AFB (E,C,F,R,H)",-86.49428300000001,30.489482
"USCG Sector Mobile (E,C,H)",-88.043054,30.694357
"USCG Aviation Training Center Mobile (E,C,F,H)",-88.24163,30.696291000000002
"NAS Whiting Field  (E,C,F,H)",-87.020107,30.710157000000002
"Submarine Base Kings Bay (E,C,F,R,H)",-81.572112,30.792798
"Moody AFB (E,C,F,H)",-83.208281,30.978815000000004
"Fort Polk (E,C,F,H)",-93.216295,31.048115
"Fort Hood (E,C,F,R,H)",-97.76903,31.126491
"Camp Shelby (E,H)",-89.186667,31.187777999999998
"Fort Rucker (E,C,F,R,H)",-85.707778,31.343611
"Goodfellow AFB (E,C,F,H)",-100.409123,31.425426
Waco Shoppette,-97.178435,31.495711
"Marine Corps Logistics Base Albany (E,C,F,H)",-84.059213,31.545199999999998
"Fort Huachuca (E,C,F,R,H)",-110.349722,31.555278
"Fort Bliss (E,C,F,R,H)",-106.424608,31.801847000000002
"Biggs AAF (E,C,F,H)",-106.83863100000002,31.834924000000004
"Fort Stewart/Hunter Army Airfield (E,C,F,R,H)",-81.606939,31.857543999999997
"Hunter AAF (E,C,F,R,H)",-81.121792,32.028071
"Savannah ANG (E,H)",-81.191861,32.141876
"Davis-Monthan AFB (E,C,F,R,H)",-110.875531,32.190721
"Jackson/Evers ANG (E,H)",-90.083869,32.328488
"Meridian ANG (E,H)",-88.742129,32.344399
"MCRD Parris Island (E,C,F,H)",-80.683333,32.35
"Fort Benning (E,C,F,R,H)",-84.953799,32.381581000000004
"Gunter Annex to Maxwell AFB (E,C,F,R,H)",-86.35146,32.384875
"White Sands Missile Range (E,C,F,R,H)",-106.479513,32.387547
"Maxwell AFB (E,C,F,R)",-86.247605,32.406685
"Dyess AFB (E,C,F,H)",-99.811995,32.433688
"Naval Hospital Beaufort (E,F,H)",-80.66583000000001,32.43589
"MCAS Beaufort (E,C,F,H)",-80.723055,32.477222
"Barksdale AFB (E,C,F,R,H)",-93.682138,32.510529
"NAS Meridian  (E,C,F,H)",-88.605768,32.550996
"Imperial Beach Auxilliary Air Field (E,C,F,H)",-117.105572,32.569048
"Robins AFB (E,C,F,R,H)",-83.587079,32.594073
"MCAS Yuma (E,C,F,H)",-114.581711,32.656268
"Naval Amphib Base Coronado (E,F,H)",-117.160649,32.67547
"Naval Station San Diego (E,C,F,H)",-117.125466,32.684183
"Submarine Base Point Loma (E,F)",-117.240082,32.689376
AAFES Headquarters Dallas (E),-96.896715,32.695775
"NAS North Island  (E,C,F,H)",-117.19424800000002,32.704196
"Naval Hospital Balboa (E,H)",-117.145833,32.725
"USCG Sector  San Diego (E,H)",-117.18248200000001,32.726263
"Pacific Point Loma FASWTC (E,F)",-117.217539,32.726761
"MCRD San Diego (E,F,H)",-117.186203,32.738969
"NASJRB Fort Worth (E,F,H)",-97.421211,32.764842
"USCG Sector Charleston (E,H)",-79.943602,32.774068
"El Centro NAF (E,C,F,R,H)",-115.674581,32.817515
"Holloman AFB (E,C,F,R,H)",-106.070635,32.833999
"Yuma Proving Ground (E,C,F,R,H)",-114.396628,32.837148
"MCAS Miramar (E,C,F,H)",-117.12113000000001,32.88292
"Charleston AFB (E,C,F,R,H)",-80.06836,32.89124
"Naval Weapons Station Charleston (E,C,F,H)",-79.938672,32.959422
"Camp Pendleton MCB (E,C,F,R,H)",-117.38737100000002,33.214799
"Red River Army Depot (E,R,H)",-94.043382,33.419987
Phoenix ANG,-112.00979,33.427883
"Fort Gordon (E,C,H)",-82.11781,33.433354
"Luke AFB (E,C,F,H)",-112.359002,33.539526
"Birmingham ANGB (E,G,H)",-86.752635,33.576973
"Fort Gillem (E,C,F,H)",-84.379379,33.613117
"Columbus AFB (E,C,F,H)",-88.436333,33.622626
Anniston Army Depot (E),-85.969486,33.626727
"Fort McPherson (E,C,F,H)",-84.43142,33.702437
"Los Angeles AFB (E,C,H)",-118.28739700000001,33.72174
"Fort MacArthur (E,F)",-118.28801600000001,33.722863
"USCG ISC San Pedro (E,H)",-118.268622,33.729497
"Naval Weapons Station Seal Beach (E,R,H)",-118.08893500000002,33.749794
JFTB Los Alamitos,-118.059795,33.790846
"March AFB (E,C)",-117.270257,33.90974
"Dobbins ARB (E,R,H)",-84.522097,33.931743
"Mcentire ANG (E,H)",-80.800647,33.937893
"Shaw AFB (E,C,F,R,H)",-80.491001,33.957144
"Navy Supply Corps School, Athens",-83.40589,33.96453
"Sheppard AFB (E,C,F,H)",-98.512556,33.964987
"Fort Jackson (E,C,F,R,H)",-80.943162,34.020604
"NAS Point Mugu  (E,C,F,R,H)",-119.125316,34.1211
Channel Islands ANG Station,-119.10088600000002,34.134739
"Port Hueneme Naval Facilities (E,C,F,R,H)",-119.20817099999998,34.168601
"Pine Bluff Arsenal (E,C,R,H)",-92.085745,34.305712
"Cannon AFB (E,C,F,H)",-103.31892,34.401765
"MCAGCC Twentynine  Palms (E,C,F,R,H)",-116.116667,34.466667
"Camp Merrill (E,C,H)",-84.10161400000001,34.628073
"Altus AFB (E,C,F,R,H)",-99.292699,34.652245
"Fort Sill (E,C,F,H)",-98.462299,34.678679
"Redstone Arsenal (E,C,F,R,H)",-86.654167,34.684167
"USCG Station Fort Macon (E,H)",-76.6807,34.695477
"MCAS New River (E,C,F,R,H)",-77.445278,34.70722200000001
Marshall Space Flight Center (H),-86.654423,34.712425
"Camp Lejeune (E,C,F,R,H)",-77.3442,34.72534
"Vandenberg AFB (E,C,F,R,H)",-120.522327,34.749687
"McAlesterr Army Ammunition Plant (E,R,H)",-95.891368,34.839727
"Little Rock AFB (E,C,F,R,H)",-92.12536,34.890302
"Marine Corps Logistics Base Barstow (E,C,F,H)",-116.8723,34.89135
"MCAS Cherry Point (E,C,F,R,H)",-76.880833,34.900833
"Camp Joseph T Robinson (E,R,H)",-92.286149,34.913075
"Edwards AFB (E,C,F,R,H)",-117.884332,34.992679
Chattanooga Armory Exchange,-85.291317,35.025018
"Kirtland AFB (E,C,F,R,H)",-106.550217,35.065973
"Fort Bragg (E,C,F,R,H)",-78.999167,35.139167
"Pope AFB (E,C,F,H)",-79.019929,35.177588
"Fort Chaffee (E,R)",-94.288055,35.305755
"Camp San Luis Obispo (E,R)",-120.744401,35.324876
"Naval Support Activity Mid-South (E,C,F,R,H)",-89.869262,35.32541400000001
"Fort Irwin (E,C,F,H)",-116.594962,35.349261
"Seymour-Johnson AFB (E,C,F,H)",-77.957989,35.365846
"Arnold AFB (E,C,R,H)",-86.078066,35.39881
"Tinker AFB (E,C,F,R,H)",-97.405987,35.432921
"Naval Weapons Station China Lake (E,C,F,H)",-117.66828999999998,35.651614
"Camp Gruber (E,)",-95.186667,35.675833
"Camp Roberts (E,R)",-120.743135,35.798472
"McGhee Tyson ANG (E,F)",-84.006588,35.809613
"Fort Hunter Liggett (E,C,F,R,H)",-121.23064900000001,35.952226
"Smyrna ANG (E,)",-86.507604,36.011205
"Houston Barracks (E,)",-86.758712,36.099154
"Tulsa ANG (E,)",-95.873052,36.215697
"Nellis AFB (E,C,F,H)",-115.051445,36.241625
Nashville ANG,-86.675406,36.114187
Houston Spave Center,-95.097394,29.551184
"NAS Lemoore  (E,C,F,R,H)",-119.90438400000001,36.256179
"USCG Support Center Elizabeth City (E,C,F,R,H)",-76.183333,36.2575
"Vance AFB (E,C,F,H)",-97.899172,36.34656
"Naval Support Activity Northwest (E,F,H)",-76.247062,36.566485
"Creech AFB (E,H)",-115.673333,36.587222
"Naval Postgraduate School, (E,F,H)",-121.87475800000001,36.598101
"US Army Garrison,Presidio of Monterey (E,F,H)",-121.91170000000001,36.604000000000006
"Fort Campbell (E,C,F,R,H)",-87.45343,36.638529
USCG Finance Center (E),-76.239297,36.772797
"NAS Oceana  (E,C,F,H)",-76.024182,36.814722
"Naval Shipyard Norfolk (E,C,F,H)",-76.297333,36.815278
"Joint Forces Staff College (E,C,F,H)",-76.302076,36.86441
"USCG ISC Portsmouth (E,H)",-76.358957,36.883014
"Naval Amphib Base Little Creek (E,C,F,R,H)",-76.191358,36.916433
"Fort Story (E,F,R,H)",-76.0164,36.9273
"Camp Allen (E,F)",-76.295651,36.930314
"Naval Station Norfolk (E,C,F,H)",-76.305822,36.945488
"Fort Monroe (E,R,H)",-76.3075,37.010439
"Fort Pickett (E,H,R)",-77.949167,37.053333
"Langley AFB (E,C,F,H)",-76.360169,37.074408
"Fort Eustis (E,C,F,R,H)",-76.5752,37.1593
"USCG Training Center Yorktown (E,F,H)",-76.47892,37.218094
"Naval Weapons Station Yorktown (E,F,H)",-76.549167,37.235833
"Fort Lee (E,C,F,H)",-77.350167,37.243345
"Naval Weapons Yorktown - Cheatham Annex (E,F,R,H)",-76.622075,37.280669
"Moffett Airfield/NASA Ames Research Ctr (E,C)",-122.05907,37.411116
Defense Supply Center Richmond,-77.436586,37.415049
"Surface Combat System Ctr Wallops Island (E,H)",-78.656894,37.431573
"McConnell AFB (E,C,F,R,H)",-97.246991,37.641073
"Defense Distribution Depot San Joaquin (E,R,H)",-121.398148,37.723777
"Fort Leonard Wood (E,C,F,H)",-92.126275,37.7401
"USCG ISC Alameda (E,F,H)",-122.249207,37.782553
Marines' Memorial Club & Hotel,-122.41053200000002,37.788749
USCG Station,-122.36179200000001,37.8105
"Fort Knox (E,C,F,H)",-85.948418,37.881498
"USCG Facility (E,R)",-122.51546300000001,38.052431
"JAG School (E,)",-78.5058,38.053911
"Fort A P Hill (E,H,R)",-77.276389,38.117778
Louisville ANG,-85.723262,38.179122
"USCG Training Center Petaluma (E,C,F,R,H)",-122.800026,38.257256
"Travis AFB (E,C,F,R,H)",-121.956949,38.271884
"NAS Patuxent River  (E,C,F,R,H)",-76.41234800000001,38.275008
"Naval Surface Warfare Center Dahlgren (E,C,H)",-77.040769,38.328003
Charleston Armory Exchange,-81.584541,38.374922000000005
"Sugar Grove NIOC (E,C,F,R,H)",-79.275635,38.50837
B.T.Collins Army Reserve Center â‚¬,-121.39669900000001,38.514349
"Quantico Marine Corps Base (E,C,F,R,H)",-77.332495,38.543903
"Scott AFB (E,C,F,R,H)",-89.867666,38.548308
"NSWC Indian Head (E,H)",-77.202624,38.57548
"USCG Air Station (E,C,F)",-121.395076,38.67719400000001
"St. Louis Army Human Resources Cmd (E,)",-90.270207,38.688661
"Fort Belvoir (E,C,F,H)",-77.142316,38.70916
"Whiteman AFB (E,C,F,H)",-93.575247,38.737272
"Fort Carson (E,C,F,H)",-104.804302,38.738406
"Andrews AFB (E,C,F,R,H)",-76.883354,38.796373
"Schriever AFB (E,F,H)",-104.52564,38.80338
"Peterson AFB (E,C,F,H)",-104.70145900000001,38.836492
"Bolling AFB (E,C,F,H)",-77.010207,38.845107
"Marine Corps Mobilization Command (E,)",-94.548725,38.864197
"USCG Headquarters (E,H)",-77.012948,38.864464
"Henderson Hall USMC (E,H)",-77.070513,38.868789
"Fort Myer (E,C,F,H)",-77.079697,38.87232
"Washington Navy Yard (E,H)",-76.992183,38.87476
"Marine Barracks (E,H)",-76.994301,38.880431
"Fort McNair (E,F,H)",-77.01524000000002,38.888166
"Naval Surface Warfare Center Crane (E,C,F,R,H)",-86.831193,38.891006
"USCG Training Center Cape May (E,C,H)",-74.882142,38.948103
"Kansas ANG (E,H)",-95.681582,38.96085
"Walter Reed Army Medical Center (E,H)",-77.027001,38.977321
United States Naval Academy,-76.485185,38.97922
"Naval Station Annapolis (E,C,F,R,H)",-76.46789000000001,38.987931
"Goddard Space Flight Center (E,H)",-76.852772,38.991326
"Bethesda Naval Medical Center  (E,F,H)",-77.095309,39.001856
"Walter Reed Army Med Ctr Forest Glen Annex (E,C,F)",-77.054172,39.004321
"United States Air Force Academy (E,C,F,R,H)",-104.840489,39.024335
"Fort Riley (E,C,F,H)",-96.833411,39.071613
"Fort Meade(E,C,F,R,H)",-76.735308,39.116714
"Dover AFB (E,C,F,R,H)",-75.477231,39.123127
"Beale AFB (E,C,F,H)",-121.43435600000001,39.164939000000004
USCG  Station Lake Tahoe,-120.118883,39.18404
"USCG Yard Curtis Bay (E,H)",-76.569349,39.20423000000001
"Warfield ANG (E,H)",-76.428462,39.335315
"Fort Leavenworth (E,C,F,H)",-94.92124,39.338214
"Camp Atterbury (E,R,H)",-86.029852,39.360087
"NAS Fallon (E,C,F,R,H)",-118.725459,39.402819
"Eastern WV ANG (E,)",-77.97795500000001,39.408029
"Atlantic City ANG (E,)",-74.593893,39.434207
"Fort Detrick (E,C,F,H)",-77.41197,39.4451
"Camp Dawson (E,H)",-79.656284,39.459608
"Aberdeen Proving Ground (E,C,F,R,H)",-76.17049,39.48894
"New Castle ANG (E,H)",-75.598718,39.691967
"Buckley AFB (E,C,F,H)",-104.78174,39.72523
"Wright-Patterson AFB (E,C,F,R,M)",-84.043614,39.798487
"Rickenbacker ANG (E,)",-82.943407,39.815099
Camp Lincoln Exchange,-89.668517,39.816433
"Harrison Village (E,C)",-85.997336,39.863061
"USCG Station Philadelphia (E,H)",-75.142521,39.933367
"Defense Supply Center Columbus (E,H)",-82.894039,39.974079
"Fort Dix (E,C,F,R,H)",-74.617639,40.012655
"Naval Air Engineering Station Lakehurst (E,C,H)",-74.353611,40.033333
"McGuire AFB (E,C,F,H)",-74.587856,40.037302
"Defense Supply Center Philadelphia (E,H)",-75.089111,40.044224
"NASJRB Willow Grove (E,H)",-75.1482,40.1998
"Harrisburg ANG (E,)",-76.731159,40.199846
"Defense Distribution Center Susquehanna (E,F,H)",-76.84991,40.20697
"Carlisle Barracks US Army War College (E,C,H)",-77.171445,40.207828
"Dugway Proving Ground (E,C,F,H)",-112.727628,40.22811200000001
"Naval Support Activity Mechanicsburg (E,H)",-76.983126,40.237693
"Naval Weapons Station Earle (E,R,H)",-74.16695,40.27224
"Fort Monmouth (E,C,F,H)",-74.034508,40.317868
"Fort Indiantown Gap (E,H)",-76.568124,40.414291
"Camp Williams (E,H)",-111.930856,40.436984
USCG Station Sandy Hook (E),-74.008158,40.468701
"Pittsburgh ARS (E,H)",-80.207752,40.495688
Tooele Army Depot (H),-112.333333,40.533333000000006
"USCG Sector New York - Fort Wadsworth (E,H)",-74.06275,40.604437
"Fort Hamilton (E,C,F,H)",-74.031361,40.610462
Peoria ANG,-89.70046,40.65897
Grissom ARB â‚¬,-86.147195,40.659317
"Mitchel Housing (E,C,H)",-73.577838,40.711286
"Fort Douglas (E,)",-111.83305500000002,40.765278
"Salt Lake ANG (E,)",-111.953632,40.786066
"United States Merchant Marine Academy (E,C)",-73.760724,40.812987
"USCG Exchange West Hampton Beach (E,H)",-72.646773,40.830956
"Lincoln ANG (E,)",-96.754857,40.841984
"Picatinny Arsenal (E,C,H)",-74.541667,40.95916700000001
"Camp  Ashland (E,)",-96.334867,41.063117
"Hill AFB (E,C,F,R,H)",-111.973183,41.105491
"Offutt AFB (E,C,F,H)",-95.922913,41.111519
"F. E. Warren AFB (E,C,F,R,H)",-104.84170400000001,41.147167
"Tobyhanna Army Depot (E,C,F,H)",-75.42848,41.187773
USCG Sector Long Island Sound (E),-72.90066,41.272524
Camp Rell (E'R),-72.190254,41.328392
"United States Coast Guard Academy (E,F,H)",-72.102156,41.372654000000004
"United States Military Acadamey West Point (E,C,F,H)",-73.962892,41.379921
"Submarine Base New London (E,C,F,H)",-72.086996,41.387495
USCG Exchange (Capt Otto Graham) Cleveland (E),-81.789454,41.431029
"USCG Marine Safety Office Cleveland (E,H)",-81.694014,41.50825600000001
"Naval Station Newport (E,C,F,H)",-71.319679,41.516879
Cheyenne ANG,-104.825491,41.163943
"Rock Island Arsenal (E,C,H)",-90.537599,41.517523
"Camp Perry (E,)",-83.02014,41.531285
"USCG Air Station Cape Cod (E,C,F,R,H)",-70.5225,41.665
"Camp Dodge (E,H)",-93.713838,41.691588
USCG Station Toledo (E),-83.482878,41.697983
"Camp Edwards (E,)",-70.561667,41.704167
Bradley ANG Base (E),-72.704177,41.935936
"Westover ARB (E,F,R,H)",-72.534722,42.194065
"Natick Soldier Sys Center (E,H)",-71.363912,42.290822
"Naval Training Station Great Lakes  (E,C,F,R,H)",-87.843685,42.312062
"Kellogg ANG (E,)",-85.266756,42.329277
"USCG Group Detroit (E,H)",-83.007347,42.341187
"USCG Sector Boston (E,H)",-71.052562,42.367337
Sioux City ANG,-96.370096,42.394962
"Hanscom AFB (E,C,F,H)",-71.268434,42.461731
"Fort Devens (E,)",-71.617122,42.537385
"Selfridge ANGB (E,C,F,R,H)",-82.82361,42.6288
"Watervliet Arsenal (E,H)",-73.708611,42.718333
"USCG Group Buffalo (E,)",-78.888582,42.876799
"USCG Sector Lake Michigan (E,H)",-87.888653,43.000836
USCG Sector Grand Haven (E),-86.241903,43.059568000000006
"Mountain Home AFB (E,C,F,R,H)",-115.856057,43.069197
"Portsmouth Naval Medical Center (E,H)",-70.737655,43.078128
"Portsmouth Naval Shipyard (E,C,H)",-70.734167,43.078889
"Naval Support Unit Saratoga Springs (E,C,H)",-73.820433,43.080131
"Pease ANG (E,)",-70.815336,43.089367
Milwaukee Post Exchange (E),-87.973302,43.119418
"Dane County ANG (E,H)",-89.334609,43.133186
USCG Exchange Coos Bay (E),-124.23363700000002,43.377171
"USCG Group North Bend (E,H)",-124.241712,43.409965
"Boise ANG (E,H)",-116.229352,43.560445
"Joe Foss Field ANG (E,H)",-96.742113,43.572881
USCG Group South Portland (E),-70.290006,43.63022
"NAS Brunswick (E,C,F,H)",-69.919593,43.905776
"Volk Field ANG (E,)",-90.263744,43.926942
"Fort McCoy (E,C,F,R,H)",-90.700174,44.02893
"Fort Drum (E,C,F,H)",-75.825319,44.051624
"Yeager ANG (E,H)",-81.584541,38.374922000000005
USCG Station Rockland (E),-69.102908,44.104654
"Ellsworth AFB (E,C,F,R,H)",-103.074363,44.132586
"USCG Group Southwest Harbor (E,H)",-68.31667,44.27808
"Camp Keyes (E,)",-69.791644,44.317622
"Camp Grayling (E,R,H)",-84.899444,44.5975
"USCG Air Station Traverse City (E,H)",-85.581769,44.751318
"Bangor ANG (E,C)",-68.82039,44.81743
"Minneapolis/St Paul ARS (E,)",-93.215305,44.89616500000001
"USCG Sector Portland (E,H)",-122.71975,45.572392
"Portland ANG (E,H)",-122.594041,45.573992
"Vancouver Barracks (E,)",-122.663352,45.625774
"Camp Ripley (E,)",-94.347655,46.075305
"Camp Rilea (E,R)",-123.930149,46.122846
"USCG  Air Station (E,H)",-123.88687900000001,46.153076
"USCG Exchange Astoria (E,F)",-123.84173999999999,46.171923
"USCG Sector Sault St. Marie (E,H)",-84.338349,46.498986
"Yakima Training Center (E,)",-120.464723,46.677347
"Raymond J Bohn Armory (E,)",-100.730569,46.828872
"Duluth ANG (E,H)",-92.171205,46.846673
"Hector ANG (E,)",-96.799316,46.912023
"Fort Lewis (E,C,F,R,H)",-122.586735,47.100617
"McChord AFB (E,C,F,R,H)",-122.487604,47.134144
"Malmstrom AFB (E,C,F,R,H)",-111.203619,47.50705700000001
"Naval Station Bremerton (E,C,H)",-122.65255,47.558686
"USCG Station Seattle (E,H)",-122.354151,47.561165
"Fairchild AFB (E,C,F,R,H)",-117.644478,47.641235
Naval Undersea Warfare Center Keyport,-122.624865,47.699266
"Submarine Base Bangor (E,C,F,H)",-122.69493700000001,47.701209
"Grand Forks AFB (E,C,F,R,H)",-97.368415,47.947716
"Naval Station Everett (E,C,H)",-122.21386700000001,47.992349
"Camp Gilbert Grafton (E,H)",-98.889793,48.067876
"USCG Air Station Port Angeles (E,H)",-123.413055,48.140555
"NAS Whidbey Island (E,C,F,R,H)",-122.66236999999998,48.335284
"Minot AFB (E,C,F,R,H)",-101.303588,48.418702
"Cavalier AFS (E,)",-97.904852,48.722956
"USCG ISC Ketcikan(E,H)",-131.622782,55.33470400000001
USCG Air Station Sitka (H),-135.367942,57.055336
"USCG ISC Kodiak (E,C,G,H)",-152.504722,57.738611
Kulis ANG (H),-149.966794,61.15929400000001
"Elmendorf AFB (E,C,F,R,H)",-149.870463,61.231971
"Fort Richardson (E,F,R,H)",-149.66332,61.25719500000001
"Fort Greely (E,C,F,H)",-145.554444,63.90500000000001
"Clear AFS (E,H)",-149.179917,64.290953
"Eielson AFB (E,C,F,R,H)",-147.081778,64.677239
"Fort Wainwright (E,C,F,H)",-147.69704,64.832718
"Fort Lee (E,C,F,H)",-77.350167,37.243345
"Hill AFB (E,C,F,R,H)",-111.973183,41.105491
"Offutt AFB (E,C,F,H)",-95.922913,41.111519
"F. E. Warren AFB (E,C,F,R,H)",-104.84170400000001,41.147167
"Tobyhanna Army Depot (E,C,F,H)",-75.42848,41.187773
USCG Sector Long Island Sound (E),-72.90066,41.272524
Camp Rell (E'R),-72.190254,41.328392
"United States Coast Guard Academy (E,F,H)",-72.102156,41.372654000000004
"United States Military Acadamey West Point (E,C,F,H)",-73.962892,41.379921
"Submarine Base New London (E,C,F,H)",-72.086996,41.387495
USCG Exchange (Capt Otto Graham) Cleveland (E),-81.789454,41.431029
"USCG Marine Safety Office Cleveland (E,H)",-81.694014,41.50825600000001
"Naval Station Newport (E,C,F,H)",-71.319679,41.516879
Cheyenne ANG,-104.825491,41.163943
"Rock Island Arsenal (E,C,H)",-90.537599,41.517523
"Camp Perry (E,)",-83.02014,41.531285
"USCG Air Station Cape Cod (E,C,F,R,H)",-70.5225,41.665
"Camp Dodge (E,H)",-93.713838,41.691588
USCG Station Toledo (E),-83.482878,41.697983
"Camp Edwards (E,)",-70.561667,41.704167
Bradley ANG Base (E),-72.704177,41.935936
"Westover ARB (E,F,R,H)",-72.534722,42.194065
"Natick Soldier Sys Center (E,H)",-71.363912,42.290822
"Naval Training Station Great Lakes (E,C,F,R,H)",-87.843685,42.312062
"Kellogg ANG (E,)",-85.266756,42.329277
"USCG Group Detroit (E,H)",-83.007347,42.341187
"USCG Sector Boston (E,H)",-71.052562,42.367337
Sioux City ANG,-96.370096,42.394962
"Hanscom AFB (E,C,F,H)",-71.268434,42.461731
"Fort Devens (E,)",-71.617122,42.537385
"Selfridge ANGB (E,C,F,R,H)",-82.82361,42.6288
"Watervliet Arsenal (E,H)",-73.708611,42.718333
"USCG Group Buffalo (E,)",-78.888582,42.876799
"USCG Sector Lake Michigan (E,H)",-87.888653,43.000836
USCG Sector Grand Haven (E),-86.241903,43.059568000000006
"Mountain Home AFB (E,C,F,R,H)",-115.856057,43.069197
"Portsmouth Naval Medical Center (E,H)",-70.737655,43.078128
"Portsmouth Naval Shipyard (E,C,H)",-70.734167,43.078889
"Naval Support Unit Saratoga Springs (E,C,H)",-73.820433,43.080131
"Pease ANG (E,)",-70.815336,43.089367
Milwaukee Post Exchange (E),-87.973302,43.119418
"Dane County ANG (E,H)",-89.334609,43.133186
USCG Exchange Coos Bay (E),-124.23363700000002,43.377171
"USCG Group North Bend (E,H)",-124.241712,43.409965
"Boise ANG (E,H)",-116.229352,43.560445
"Joe Foss Field ANG (E,H)",-96.742113,43.572881
USCG Group South Portland (E),-70.290006,43.63022
"NAS Brunswick (E,C,F,H)",-69.919593,43.905776
"Volk Field ANG (E,)",-90.263744,43.926942
"Fort McCoy (E,C,F,R,H)",-90.700174,44.02893
"Fort Drum (E,C,F,H)",-75.825319,44.051624
"Yeager ANG (E,H)",-81.584541,38.374922000000005
USCG Station Rockland (E),-69.102908,44.104654
"Ellsworth AFB (E,C,F,R,H)",-103.074363,44.132586
"USCG Group Southwest Harbor (E,H)",-68.31667,44.27808
"Camp Keyes (E,)",-69.791644,44.317622
"Camp Grayling (E,R,H)",-84.899444,44.5975
"USCG Air Station Traverse City (E,H)",-85.581769,44.751318
"Bangor ANG (E,C)",-68.82039,44.81743
"Minneapolis/St Paul ARS (E,)",-93.215305,44.89616500000001
"USCG Sector Portland (E,H)",-122.71975,45.572392
"Portland ANG (E,H)",-122.594041,45.573992
"Vancouver Barracks (E,)",-122.663352,45.625774
"Camp Ripley (E,)",-94.347655,46.075305
"Camp Rilea (E,R)",-123.930149,46.122846
"USCG Air Station (E,H)",-123.88687900000001,46.153076
"USCG Exchange Astoria (E,F)",-123.84173999999999,46.171923
"USCG Sector Sault St. Marie (E,H)",-84.338349,46.498986
"Yakima Training Center (E,)",-120.464723,46.677347
"Raymond J Bohn Armory (E,)",-100.730569,46.828872
"Duluth ANG (E,H)",-92.171205,46.846673
"Hector ANG (E,)",-96.799316,46.912023
"Fort Lewis (E,C,F,R,H)",-122.586735,47.100617
"McChord AFB (E,C,F,R,H)",-122.487604,47.134144
"Malmstrom AFB (E,C,F,R,H)",-111.203619,47.50705700000001
"Naval Station Bremerton (E,C,H)",-122.65255,47.558686
"USCG Station Seattle (E,H)",-122.354151,47.561165
"Fairchild AFB (E,C,F,R,H)",-117.644478,47.641235
Naval Undersea Warfare Center Keyport,-122.624865,47.699266
"Submarine Base Bangor (E,C,F,H)",-122.69493700000001,47.701209
"Grand Forks AFB (E,C,F,R,H)",-97.368415,47.947716
"Naval Station Everett (E,C,H)",-122.21386700000001,47.992349
"Camp Gilbert Grafton (E,H)",-98.889793,48.067876
"USCG Air Station Port Angeles (E,H)",-123.413055,48.140555
"NAS Whidbey Island (E,C,F,R,H)",-122.66236999999998,48.335284
"Minot AFB (E,C,F,R,H)",-101.303588,48.418702
"Cavalier AFS (E,)",-97.904852,48.722956
"USCG ISC Ketcikan(E,H)",-131.622782,55.33470400000001
USCG Air Station Sitka (H),-135.367942,57.055336
"USCG ISC Kodiak (E,C,G,H)",-152.504722,57.738611
Kulis ANG (H),-149.966794,61.15929400000001
"Elmendorf AFB (E,C,F,R,H)",-149.870463,61.231971
"Fort Richardson (E,F,R,H)",-149.66332,61.25719500000001
"Fort Greely (E,C,F,H)",-145.554444,63.90500000000001
"Clear AFS (E,H)",-149.179917,64.290953
"Eielson AFB (E,C,F,R,H)",-147.081778,64.677239
"Fort Wainwright (E,C,F,H)",-147.69704,64.832718
"Camp Allen (E,F)",-76.295651,36.930314
"Fort Indiantown Gap (E,H)",-76.568124,40.414291
"Camp Williams (E,H)",-111.930856,40.436984
USCG Station Sandy Hook (E),-74.008158,40.468701
"Pittsburgh ARS (E,H)",-80.207752,40.495688
Tooele Army Depot (H),-112.333333,40.533333000000006
"USCG Sector New York - Fort Wadsworth (E,H)",-74.06275,40.604437
"Fort Hamilton (E,C,F,H)",-74.031361,40.610462
Peoria ANG,-89.70046,40.65897
Grissom ARB €,-86.147195,40.659317
"Mitchel Housing (E,C,H)",-73.577838,40.711286
"Fort Douglas (E,)",-111.83305500000002,40.765278
"Salt Lake ANG (E,)",-111.953632,40.786066
"United States Merchant Marine Academy (E,C)",-73.760724,40.812987
"USCG Exchange West Hampton Beach (E,H)",-72.646773,40.830956
"Lincoln ANG (E,)",-96.754857,40.841984
"Picatinny Arsenal (E,C,H)",-74.541667,40.95916700000001
"Camp Ashland (E,)",-96.334867,41.063117
"Hill AFB (E,C,F,R,H)",-111.973183,41.105491
"Offutt AFB (E,C,F,H)",-95.922913,41.111519
"F. E. Warren AFB (E,C,F,R,H)",-104.84170400000001,41.147167
"Tobyhanna Army Depot (E,C,F,H)",-75.42848,41.187773
USCG Sector Long Island Sound (E),-72.90066,41.272524
Camp Rell (E'R),-72.190254,41.328392
"United States Coast Guard Academy (E,F,H)",-72.102156,41.372654000000004
"United States Military Acadamey West Point (E,C,F,H)",-73.962892,41.379921
"Submarine Base New London (E,C,F,H)",-72.086996,41.387495
USCG Exchange (Capt Otto Graham) Cleveland (E),-81.789454,41.431029
"USCG Marine Safety Office Cleveland (E,H)",-81.694014,41.50825600000001
"Naval Station Newport (E,C,F,H)",-71.319679,41.516879
Cheyenne ANG,-104.825491,41.163943
"Rock Island Arsenal (E,C,H)",-90.537599,41.517523
"Camp Perry (E,)",-83.02014,41.531285
"USCG Air Station Cape Cod (E,C,F,R,H)",-70.5225,41.665
"Camp Dodge (E,H)",-93.713838,41.691588
USCG Station Toledo (E),-83.482878,41.697983
"Camp Edwards (E,)",-70.561667,41.704167
Bradley ANG Base (E),-72.704177,41.935936
"Westover ARB (E,F,R,H)",-72.534722,42.194065
"Natick Soldier Sys Center (E,H)",-71.363912,42.290822
"Naval Training Station Great Lakes (E,C,F,R,H)",-87.843685,42.312062
"Kellogg ANG (E,)",-85.266756,42.329277
"USCG Group Detroit (E,H)",-83.007347,42.341187
"USCG Sector Boston (E,H)",-71.052562,42.367337
Sioux City ANG,-96.370096,42.394962
"Hanscom AFB (E,C,F,H)",-71.268434,42.461731
"Fort Devens (E,)",-71.617122,42.537385
"Selfridge ANGB (E,C,F,R,H)",-82.82361,42.6288
"Watervliet Arsenal (E,H)",-73.708611,42.718333
"USCG Group Buffalo (E,)",-78.888582,42.876799
"USCG Sector Lake Michigan (E,H)",-87.888653,43.000836
USCG Sector Grand Haven (E),-86.241903,43.059568000000006
"Mountain Home AFB (E,C,F,R,H)",-115.856057,43.069197
"Portsmouth Naval Medical Center (E,H)",-70.737655,43.078128
"Portsmouth Naval Shipyard (E,C,H)",-70.734167,43.078889
"Naval Support Unit Saratoga Springs (E,C,H)",-73.820433,43.080131
"Pease ANG (E,)",-70.815336,43.089367
Milwaukee Post Exchange (E),-87.973302,43.119418
"Dane County ANG (E,H)",-89.334609,43.133186
USCG Exchange Coos Bay (E),-124.23363700000002,43.377171
"USCG Group North Bend (E,H)",-124.241712,43.409965
"Boise ANG (E,H)",-116.229352,43.560445
"Joe Foss Field ANG (E,H)",-96.742113,43.572881
USCG Group South Portland (E),-70.290006,43.63022
"NAS Brunswick (E,C,F,H)",-69.919593,43.905776
"Volk Field ANG (E,)",-90.263744,43.926942
"Fort McCoy (E,C,F,R,H)",-90.700174,44.02893
"Fort Drum (E,C,F,H)",-75.825319,44.051624
"Yeager ANG (E,H)",-81.584541,38.374922000000005
USCG Station Rockland (E),-69.102908,44.104654
"Ellsworth AFB (E,C,F,R,H)",-103.074363,44.132586
"USCG Group Southwest Harbor (E,H)",-68.31667,44.27808
"Camp Keyes (E,)",-69.791644,44.317622
"Camp Grayling (E,R,H)",-84.899444,44.5975
"USCG Air Station Traverse City (E,H)",-85.581769,44.751318
"Bangor ANG (E,C)",-68.82039,44.81743
"Minneapolis/St Paul ARS (E,)",-93.215305,44.89616500000001
"USCG Sector Portland (E,H)",-122.71975,45.572392
"Portland ANG (E,H)",-122.594041,45.573992
"Vancouver Barracks (E,)",-122.663352,45.625774
"Camp Ripley (E,)",-94.347655,46.075305
"Camp Rilea (E,R)",-123.930149,46.122846
"USCG Air Station (E,H)",-123.88687900000001,46.153076
"USCG Exchange Astoria (E,F)",-123.84173999999999,46.171923
"USCG Sector Sault St. Marie (E,H)",-84.338349,46.498986
"Yakima Training Center (E,)",-120.464723,46.677347
"Raymond J Bohn Armory (E,)",-100.730569,46.828872
"Duluth ANG (E,H)",-92.171205,46.846673
"Hector ANG (E,)",-96.799316,46.912023
"Fort Lewis (E,C,F,R,H)",-122.586735,47.100617
"McChord AFB (E,C,F,R,H)",-122.487604,47.134144
"Malmstrom AFB (E,C,F,R,H)",-111.203619,47.50705700000001
"Naval Station Bremerton (E,C,H)",-122.65255,47.558686
"USCG Station Seattle (E,H)",-122.354151,47.561165
"Fairchild AFB (E,C,F,R,H)",-117.644478,47.641235
"Letterkenny Army Depot Chambersburg, PA 17201, USA",-77.639787,40.003274
"Tank Rd, Chambersburg, PA 17201, USA",,
Letterkenny Ad,-77.710869,40.030069
Letterkenny Ad,,
Letterkenny Ad,-77.706299,40.027614
Letterkenny Army Depot,-77.706299,40.027614